1,2024-06-18,09:30:00,11:10:00,1,5,2024-06-18 20:47:59,2024-06-18 20:47:59
2,2024-06-25,09:30:00,11:10:00,1,5,2024-06-18 20:47:59,2024-06-18 20:47:59
3,2024-07-02,09:30:00,11:10:00,1,5,2024-06-18 20:47:59,2024-06-18 20:47:59
4,2024-07-09,09:30:00,11:10:00,1,5,2024-06-18 20:47:59,2024-06-18 20:47:59
5,2024-07-16,09:30:00,11:10:00,1,5,2024-06-18 20:47:59,2024-06-18 20:47:59
6,2024-07-23,09:30:00,11:10:00,1,5,2024-06-18 20:47:59,2024-06-18 20:47:59
7,2024-06-18,11:30:00,13:10:00,1,5,2024-06-18 20:48:21,2024-06-18 20:48:21
8,2024-06-25,11:30:00,13:10:00,1,5,2024-06-18 20:48:21,2024-06-18 20:48:21
9,2024-07-02,11:30:00,13:10:00,1,5,2024-06-18 20:48:21,2024-06-18 20:48:21
10,2024-07-09,11:30:00,13:10:00,1,5,2024-06-18 20:48:21,2024-06-18 20:48:21
11,2024-07-16,11:30:00,13:10:00,1,5,2024-06-18 20:48:21,2024-06-18 20:48:21
12,2024-07-23,11:30:00,13:10:00,1,5,2024-06-18 20:48:21,2024-06-18 20:48:21
13,2024-06-17,13:30:00,15:10:00,2,5,2024-06-19 19:05:19,2024-06-19 19:05:19
14,2024-06-24,13:30:00,15:10:00,2,5,2024-06-19 19:05:19,2024-06-19 19:05:19
15,2024-07-01,13:30:00,15:10:00,2,5,2024-06-19 19:05:19,2024-06-19 19:05:19
16,2024-07-08,13:30:00,15:10:00,2,5,2024-06-19 19:05:19,2024-06-19 19:05:19
17,2024-07-15,13:30:00,15:10:00,2,5,2024-06-19 19:05:19,2024-06-19 19:05:19
18,2024-07-22,13:30:00,15:10:00,2,5,2024-06-19 19:05:19,2024-06-19 19:05:19
19,2024-06-17,15:30:00,17:10:00,2,5,2024-06-19 19:05:46,2024-06-19 19:05:46
20,2024-06-24,15:30:00,17:10:00,2,5,2024-06-19 19:05:46,2024-06-19 19:05:46
21,2024-07-01,15:30:00,17:10:00,2,5,2024-06-19 19:05:46,2024-06-19 19:05:46
22,2024-07-08,15:30:00,17:10:00,2,5,2024-06-19 19:05:46,2024-06-19 19:05:46
23,2024-07-15,15:30:00,17:10:00,2,5,2024-06-19 19:05:46,2024-06-19 19:05:46
24,2024-07-22,15:30:00,17:10:00,2,5,2024-06-19 19:05:46,2024-06-19 19:05:46
25,2024-06-18,13:30:00,15:10:00,3,15,2024-06-19 19:06:12,2024-06-19 19:06:12
26,2024-06-25,13:30:00,15:10:00,3,15,2024-06-19 19:06:12,2024-06-19 19:06:12
27,2024-07-02,13:30:00,15:10:00,3,15,2024-06-19 19:06:12,2024-06-19 19:06:12
28,2024-07-09,13:30:00,15:10:00,3,15,2024-06-19 19:06:12,2024-06-19 19:06:12
29,2024-07-16,13:30:00,15:10:00,3,15,2024-06-19 19:06:12,2024-06-19 19:06:12
30,2024-07-23,13:30:00,15:10:00,3,15,2024-06-19 19:06:12,2024-06-19 19:06:12
31,2024-06-18,15:30:00,17:10:00,3,15,2024-06-19 19:06:36,2024-06-19 19:06:36
32,2024-06-25,15:30:00,17:10:00,3,15,2024-06-19 19:06:36,2024-06-19 19:06:36
33,2024-07-02,15:30:00,17:10:00,3,15,2024-06-19 19:06:36,2024-06-19 19:06:36
34,2024-07-09,15:30:00,17:10:00,3,15,2024-06-19 19:06:36,2024-06-19 19:06:36
35,2024-07-16,15:30:00,17:10:00,3,15,2024-06-19 19:06:36,2024-06-19 19:06:36
36,2024-07-23,15:30:00,17:10:00,3,15,2024-06-19 19:06:36,2024-06-19 19:06:36
37,2024-06-20,09:30:00,11:10:00,4,6,2024-06-19 19:07:22,2024-06-19 19:07:22
38,2024-06-27,09:30:00,11:10:00,4,6,2024-06-19 19:07:22,2024-06-19 19:07:22
39,2024-07-04,09:30:00,11:10:00,4,6,2024-06-19 19:07:22,2024-06-19 19:07:22
40,2024-07-11,09:30:00,11:10:00,4,6,2024-06-19 19:07:22,2024-06-19 19:07:22
41,2024-07-18,09:30:00,11:10:00,4,6,2024-06-19 19:07:22,2024-06-19 19:07:22
42,2024-07-25,09:30:00,11:10:00,4,6,2024-06-19 19:07:22,2024-06-19 19:07:22
43,2024-06-20,11:30:00,13:10:00,4,6,2024-06-19 19:07:41,2024-06-19 19:07:41
44,2024-06-27,11:30:00,13:10:00,4,6,2024-06-19 19:07:41,2024-06-19 19:07:41
45,2024-07-04,11:30:00,13:10:00,4,6,2024-06-19 19:07:41,2024-06-19 19:07:41
46,2024-07-11,11:30:00,13:10:00,4,6,2024-06-19 19:07:41,2024-06-19 19:07:41
47,2024-07-18,11:30:00,13:10:00,4,6,2024-06-19 19:07:41,2024-06-19 19:07:41
48,2024-07-25,11:30:00,13:10:00,4,6,2024-06-19 19:07:41,2024-06-19 19:07:41
61,2024-06-18,07:30:00,11:10:00,6,4,2024-06-19 19:10:28,2024-06-19 19:10:28
62,2024-06-25,07:30:00,11:10:00,6,4,2024-06-19 19:10:28,2024-06-19 19:10:28
63,2024-07-02,07:30:00,11:10:00,6,4,2024-06-19 19:10:28,2024-06-19 19:10:28
64,2024-07-09,07:30:00,11:10:00,6,4,2024-06-19 19:10:28,2024-06-19 19:10:28
65,2024-07-16,07:30:00,11:10:00,6,4,2024-06-19 19:10:28,2024-06-19 19:10:28
66,2024-07-23,07:30:00,11:10:00,6,4,2024-06-19 19:10:28,2024-06-19 19:10:28
67,2024-06-19,07:30:00,11:10:00,7,9,2024-06-19 19:19:04,2024-06-19 19:19:04
68,2024-06-26,07:30:00,11:10:00,7,9,2024-06-19 19:19:04,2024-06-19 19:19:04
69,2024-07-03,07:30:00,11:10:00,7,9,2024-06-19 19:19:04,2024-06-19 19:19:04
70,2024-07-10,07:30:00,11:10:00,7,9,2024-06-19 19:19:04,2024-06-19 19:19:04
71,2024-07-17,07:30:00,11:10:00,7,9,2024-06-19 19:19:04,2024-06-19 19:19:04
72,2024-07-24,07:30:00,11:10:00,7,9,2024-06-19 19:19:04,2024-06-19 19:19:04
73,2024-06-18,07:30:00,11:10:00,8,9,2024-06-19 19:19:51,2024-06-19 19:19:51
74,2024-06-25,07:30:00,11:10:00,8,9,2024-06-19 19:19:51,2024-06-19 19:19:51
75,2024-07-02,07:30:00,11:10:00,8,9,2024-06-19 19:19:51,2024-06-19 19:19:51
76,2024-07-09,07:30:00,11:10:00,8,9,2024-06-19 19:19:51,2024-06-19 19:19:51
77,2024-07-16,07:30:00,11:10:00,8,9,2024-06-19 19:19:51,2024-06-19 19:19:51
78,2024-07-23,07:30:00,11:10:00,8,9,2024-06-19 19:19:51,2024-06-19 19:19:51
79,2024-06-20,13:30:00,15:10:00,9,6,2024-06-19 19:20:08,2024-06-19 19:20:08
80,2024-06-27,13:30:00,15:10:00,9,6,2024-06-19 19:20:08,2024-06-19 19:20:08
81,2024-07-04,13:30:00,15:10:00,9,6,2024-06-19 19:20:08,2024-06-19 19:20:08
82,2024-07-11,13:30:00,15:10:00,9,6,2024-06-19 19:20:08,2024-06-19 19:20:08
83,2024-07-18,13:30:00,15:10:00,9,6,2024-06-19 19:20:08,2024-06-19 19:20:08
84,2024-07-25,13:30:00,15:10:00,9,6,2024-06-19 19:20:08,2024-06-19 19:20:08
85,2024-06-21,13:30:00,15:10:00,10,6,2024-06-19 19:20:44,2024-06-19 19:20:44
86,2024-06-28,13:30:00,15:10:00,10,6,2024-06-19 19:20:44,2024-06-19 19:20:44
87,2024-07-05,13:30:00,15:10:00,10,6,2024-06-19 19:20:44,2024-06-19 19:20:44
88,2024-07-12,13:30:00,15:10:00,10,6,2024-06-19 19:20:44,2024-06-19 19:20:44
89,2024-07-19,13:30:00,15:10:00,10,6,2024-06-19 19:20:44,2024-06-19 19:20:44
90,2024-07-26,13:30:00,15:10:00,10,6,2024-06-19 19:20:44,2024-06-19 19:20:44
91,2024-06-21,07:30:00,09:10:00,11,9,2024-06-19 19:21:10,2024-06-19 19:21:10
92,2024-06-28,07:30:00,09:10:00,11,9,2024-06-19 19:21:10,2024-06-19 19:21:10
93,2024-07-05,07:30:00,09:10:00,11,9,2024-06-19 19:21:10,2024-06-19 19:21:10
94,2024-07-12,07:30:00,09:10:00,11,9,2024-06-19 19:21:10,2024-06-19 19:21:10
51,2024-07-01,07:30:00,11:10:00,5,14,2024-06-19 19:08:37,2024-06-19 20:48:05
52,2024-07-08,07:30:00,11:10:00,5,14,2024-06-19 19:08:37,2024-06-19 20:48:05
53,2024-07-15,07:30:00,11:10:00,5,14,2024-06-19 19:08:37,2024-06-19 20:48:05
54,2024-07-22,07:30:00,11:10:00,5,14,2024-06-19 19:08:37,2024-06-19 20:48:05
50,2024-06-24,07:30:00,11:10:00,5,14,2024-06-19 19:08:37,2024-06-19 20:48:05
95,2024-07-19,07:30:00,09:10:00,11,9,2024-06-19 19:21:10,2024-06-19 19:21:10
96,2024-07-26,07:30:00,09:10:00,11,9,2024-06-19 19:21:10,2024-06-19 19:21:10
97,2024-06-17,13:30:00,15:10:00,12,14,2024-06-19 19:21:32,2024-06-19 19:21:32
98,2024-06-24,13:30:00,15:10:00,12,14,2024-06-19 19:21:32,2024-06-19 19:21:32
99,2024-07-01,13:30:00,15:10:00,12,14,2024-06-19 19:21:32,2024-06-19 19:21:32
100,2024-07-08,13:30:00,15:10:00,12,14,2024-06-19 19:21:32,2024-06-19 19:21:32
101,2024-07-15,13:30:00,15:10:00,12,14,2024-06-19 19:21:32,2024-06-19 19:21:32
102,2024-07-22,13:30:00,15:10:00,12,14,2024-06-19 19:21:32,2024-06-19 19:21:32
103,2024-06-19,13:30:00,15:10:00,13,9,2024-06-19 19:22:25,2024-06-19 19:22:25
104,2024-06-26,13:30:00,15:10:00,13,9,2024-06-19 19:22:25,2024-06-19 19:22:25
105,2024-07-03,13:30:00,15:10:00,13,9,2024-06-19 19:22:25,2024-06-19 19:22:25
106,2024-07-10,13:30:00,15:10:00,13,9,2024-06-19 19:22:25,2024-06-19 19:22:25
107,2024-07-17,13:30:00,15:10:00,13,9,2024-06-19 19:22:25,2024-06-19 19:22:25
108,2024-07-24,13:30:00,15:10:00,13,9,2024-06-19 19:22:25,2024-06-19 19:22:25
115,2024-06-20,13:30:00,15:10:00,14,9,2024-06-19 19:23:24,2024-06-19 19:23:24
116,2024-06-27,13:30:00,15:10:00,14,9,2024-06-19 19:23:24,2024-06-19 19:23:24
117,2024-07-04,13:30:00,15:10:00,14,9,2024-06-19 19:23:24,2024-06-19 19:23:24
118,2024-07-11,13:30:00,15:10:00,14,9,2024-06-19 19:23:24,2024-06-19 19:23:24
119,2024-07-18,13:30:00,15:10:00,14,9,2024-06-19 19:23:24,2024-06-19 19:23:24
120,2024-07-25,13:30:00,15:10:00,14,9,2024-06-19 19:23:24,2024-06-19 19:23:24
121,2024-06-20,15:30:00,17:10:00,18,9,2024-06-19 19:23:48,2024-06-19 19:23:48
122,2024-06-27,15:30:00,17:10:00,18,9,2024-06-19 19:23:48,2024-06-19 19:23:48
123,2024-07-04,15:30:00,17:10:00,18,9,2024-06-19 19:23:48,2024-06-19 19:23:48
124,2024-07-11,15:30:00,17:10:00,18,9,2024-06-19 19:23:48,2024-06-19 19:23:48
125,2024-07-18,15:30:00,17:10:00,18,9,2024-06-19 19:23:48,2024-06-19 19:23:48
126,2024-07-25,15:30:00,17:10:00,18,9,2024-06-19 19:23:48,2024-06-19 19:23:48
127,2024-06-17,13:30:00,15:10:00,15,9,2024-06-19 19:24:28,2024-06-19 19:24:28
128,2024-06-24,13:30:00,15:10:00,15,9,2024-06-19 19:24:28,2024-06-19 19:24:28
129,2024-07-01,13:30:00,15:10:00,15,9,2024-06-19 19:24:28,2024-06-19 19:24:28
130,2024-07-08,13:30:00,15:10:00,15,9,2024-06-19 19:24:28,2024-06-19 19:24:28
131,2024-07-15,13:30:00,15:10:00,15,9,2024-06-19 19:24:28,2024-06-19 19:24:28
132,2024-07-22,13:30:00,15:10:00,15,9,2024-06-19 19:24:28,2024-06-19 19:24:28
133,2024-06-17,15:30:00,17:10:00,19,9,2024-06-19 19:24:45,2024-06-19 19:24:45
134,2024-06-24,15:30:00,17:10:00,19,9,2024-06-19 19:24:45,2024-06-19 19:24:45
135,2024-07-01,15:30:00,17:10:00,19,9,2024-06-19 19:24:45,2024-06-19 19:24:45
136,2024-07-08,15:30:00,17:10:00,19,9,2024-06-19 19:24:45,2024-06-19 19:24:45
137,2024-07-15,15:30:00,17:10:00,19,9,2024-06-19 19:24:45,2024-06-19 19:24:45
138,2024-07-22,15:30:00,17:10:00,19,9,2024-06-19 19:24:45,2024-06-19 19:24:45
139,2024-06-21,09:30:00,11:10:00,16,11,2024-06-19 19:25:18,2024-06-19 19:25:18
140,2024-06-28,09:30:00,11:10:00,16,11,2024-06-19 19:25:18,2024-06-19 19:25:18
141,2024-07-05,09:30:00,11:10:00,16,11,2024-06-19 19:25:18,2024-06-19 19:25:18
142,2024-07-12,09:30:00,11:10:00,16,11,2024-06-19 19:25:18,2024-06-19 19:25:18
143,2024-07-19,09:30:00,11:10:00,16,11,2024-06-19 19:25:18,2024-06-19 19:25:18
144,2024-07-26,09:30:00,11:10:00,16,11,2024-06-19 19:25:18,2024-06-19 19:25:18
145,2024-06-21,13:30:00,15:10:00,20,11,2024-06-19 19:25:32,2024-06-19 19:25:32
146,2024-06-28,13:30:00,15:10:00,20,11,2024-06-19 19:25:32,2024-06-19 19:25:32
147,2024-07-05,13:30:00,15:10:00,20,11,2024-06-19 19:25:32,2024-06-19 19:25:32
148,2024-07-12,13:30:00,15:10:00,20,11,2024-06-19 19:25:32,2024-06-19 19:25:32
149,2024-07-19,13:30:00,15:10:00,20,11,2024-06-19 19:25:32,2024-06-19 19:25:32
150,2024-07-26,13:30:00,15:10:00,20,11,2024-06-19 19:25:32,2024-06-19 19:25:32
169,2024-06-17,13:30:00,17:10:00,29,11,2024-06-19 19:33:51,2024-06-19 19:33:51
170,2024-06-24,13:30:00,17:10:00,29,11,2024-06-19 19:33:51,2024-06-19 19:33:51
171,2024-07-01,13:30:00,17:10:00,29,11,2024-06-19 19:33:51,2024-06-19 19:33:51
172,2024-07-08,13:30:00,17:10:00,29,11,2024-06-19 19:33:51,2024-06-19 19:33:51
173,2024-07-15,13:30:00,17:10:00,29,11,2024-06-19 19:33:51,2024-06-19 19:33:51
174,2024-07-22,13:30:00,17:10:00,29,11,2024-06-19 19:33:51,2024-06-19 19:33:51
175,2024-06-20,13:30:00,17:10:00,30,10,2024-06-19 19:34:28,2024-06-19 19:34:28
176,2024-06-27,13:30:00,17:10:00,30,10,2024-06-19 19:34:28,2024-06-19 19:34:28
177,2024-07-04,13:30:00,17:10:00,30,10,2024-06-19 19:34:28,2024-06-19 19:34:28
178,2024-07-11,13:30:00,17:10:00,30,10,2024-06-19 19:34:28,2024-06-19 19:34:28
179,2024-07-18,13:30:00,17:10:00,30,10,2024-06-19 19:34:28,2024-06-19 19:34:28
180,2024-07-25,13:30:00,17:10:00,30,10,2024-06-19 19:34:28,2024-06-19 19:34:28
181,2024-06-17,07:30:00,11:10:00,31,11,2024-06-19 19:35:27,2024-06-19 19:35:27
182,2024-06-24,07:30:00,11:10:00,31,11,2024-06-19 19:35:27,2024-06-19 19:35:27
152,2024-06-26,07:30:00,09:10:00,21,31,2024-06-19 19:26:28,2024-06-20 10:56:38
153,2024-07-03,07:30:00,09:10:00,21,31,2024-06-19 19:26:28,2024-06-20 10:56:38
154,2024-07-10,07:30:00,09:10:00,21,31,2024-06-19 19:26:28,2024-06-20 10:56:38
155,2024-07-17,07:30:00,09:10:00,21,31,2024-06-19 19:26:28,2024-06-20 10:56:38
156,2024-07-24,07:30:00,09:10:00,21,31,2024-06-19 19:26:28,2024-06-20 10:56:38
157,2024-06-19,09:30:00,11:10:00,22,31,2024-06-19 19:26:49,2024-06-20 10:56:56
158,2024-06-26,09:30:00,11:10:00,22,31,2024-06-19 19:26:49,2024-06-20 10:56:56
159,2024-07-03,09:30:00,11:10:00,22,31,2024-06-19 19:26:49,2024-06-20 10:56:56
160,2024-07-10,09:30:00,11:10:00,22,31,2024-06-19 19:26:49,2024-06-20 10:56:56
161,2024-07-17,09:30:00,11:10:00,22,31,2024-06-19 19:26:49,2024-06-20 10:56:56
162,2024-07-24,09:30:00,11:10:00,22,31,2024-06-19 19:26:49,2024-06-20 10:56:56
163,2024-06-19,13:30:00,15:10:00,23,31,2024-06-19 19:27:37,2024-06-20 10:57:16
164,2024-06-26,13:30:00,15:10:00,23,31,2024-06-19 19:27:37,2024-06-20 10:57:16
165,2024-07-03,13:30:00,15:10:00,23,31,2024-06-19 19:27:37,2024-06-20 10:57:16
166,2024-07-10,13:30:00,15:10:00,23,31,2024-06-19 19:27:37,2024-06-20 10:57:16
167,2024-07-17,13:30:00,15:10:00,23,31,2024-06-19 19:27:37,2024-06-20 10:57:16
168,2024-07-24,13:30:00,15:10:00,23,31,2024-06-19 19:27:37,2024-06-20 10:57:16
109,2024-06-19,15:30:00,17:10:00,13,9,2024-06-19 19:22:50,2024-06-20 11:19:14
111,2024-07-03,15:30:00,17:10:00,13,9,2024-06-19 19:22:50,2024-06-20 11:19:14
112,2024-07-10,15:30:00,17:10:00,13,9,2024-06-19 19:22:50,2024-06-20 11:19:14
113,2024-07-17,15:30:00,17:10:00,13,9,2024-06-19 19:22:50,2024-06-20 11:19:14
114,2024-07-24,15:30:00,17:10:00,13,9,2024-06-19 19:22:50,2024-06-20 11:19:14
183,2024-07-01,07:30:00,11:10:00,31,11,2024-06-19 19:35:27,2024-06-19 19:35:27
184,2024-07-08,07:30:00,11:10:00,31,11,2024-06-19 19:35:27,2024-06-19 19:35:27
185,2024-07-15,07:30:00,11:10:00,31,11,2024-06-19 19:35:27,2024-06-19 19:35:27
186,2024-07-22,07:30:00,11:10:00,31,11,2024-06-19 19:35:27,2024-06-19 19:35:27
187,2024-06-19,13:30:00,17:10:00,32,21,2024-06-19 19:35:49,2024-06-19 19:35:49
188,2024-06-26,13:30:00,17:10:00,32,21,2024-06-19 19:35:49,2024-06-19 19:35:49
189,2024-07-03,13:30:00,17:10:00,32,21,2024-06-19 19:35:49,2024-06-19 19:35:49
190,2024-07-10,13:30:00,17:10:00,32,21,2024-06-19 19:35:49,2024-06-19 19:35:49
191,2024-07-17,13:30:00,17:10:00,32,21,2024-06-19 19:35:49,2024-06-19 19:35:49
192,2024-07-24,13:30:00,17:10:00,32,21,2024-06-19 19:35:49,2024-06-19 19:35:49
193,2024-06-19,13:30:00,15:10:00,33,6,2024-06-19 19:37:07,2024-06-19 19:37:07
194,2024-06-26,13:30:00,15:10:00,33,6,2024-06-19 19:37:07,2024-06-19 19:37:07
195,2024-07-03,13:30:00,15:10:00,33,6,2024-06-19 19:37:07,2024-06-19 19:37:07
196,2024-07-10,13:30:00,15:10:00,33,6,2024-06-19 19:37:07,2024-06-19 19:37:07
197,2024-07-17,13:30:00,15:10:00,33,6,2024-06-19 19:37:07,2024-06-19 19:37:07
198,2024-07-24,13:30:00,15:10:00,33,6,2024-06-19 19:37:07,2024-06-19 19:37:07
199,2024-06-19,15:30:00,17:10:00,33,6,2024-06-19 19:37:26,2024-06-19 19:37:26
200,2024-06-26,15:30:00,17:10:00,33,6,2024-06-19 19:37:26,2024-06-19 19:37:26
201,2024-07-03,15:30:00,17:10:00,33,6,2024-06-19 19:37:26,2024-06-19 19:37:26
202,2024-07-10,15:30:00,17:10:00,33,6,2024-06-19 19:37:26,2024-06-19 19:37:26
203,2024-07-17,15:30:00,17:10:00,33,6,2024-06-19 19:37:26,2024-06-19 19:37:26
204,2024-07-24,15:30:00,17:10:00,33,6,2024-06-19 19:37:26,2024-06-19 19:37:26
205,2024-06-19,07:30:00,11:10:00,88,4,2024-06-19 19:38:59,2024-06-19 19:38:59
206,2024-06-26,07:30:00,11:10:00,88,4,2024-06-19 19:38:59,2024-06-19 19:38:59
207,2024-07-03,07:30:00,11:10:00,88,4,2024-06-19 19:38:59,2024-06-19 19:38:59
208,2024-07-10,07:30:00,11:10:00,88,4,2024-06-19 19:38:59,2024-06-19 19:38:59
209,2024-07-17,07:30:00,11:10:00,88,4,2024-06-19 19:38:59,2024-06-19 19:38:59
210,2024-07-24,07:30:00,11:10:00,88,4,2024-06-19 19:38:59,2024-06-19 19:38:59
211,2024-06-18,13:30:00,17:10:00,90,9,2024-06-19 19:39:31,2024-06-19 19:39:31
212,2024-06-25,13:30:00,17:10:00,90,9,2024-06-19 19:39:31,2024-06-19 19:39:31
213,2024-07-02,13:30:00,17:10:00,90,9,2024-06-19 19:39:31,2024-06-19 19:39:31
214,2024-07-09,13:30:00,17:10:00,90,9,2024-06-19 19:39:31,2024-06-19 19:39:31
215,2024-07-16,13:30:00,17:10:00,90,9,2024-06-19 19:39:31,2024-06-19 19:39:31
216,2024-07-23,13:30:00,17:10:00,90,9,2024-06-19 19:39:31,2024-06-19 19:39:31
217,2024-06-20,07:30:00,11:10:00,89,10,2024-06-19 19:39:52,2024-06-19 19:39:52
218,2024-06-27,07:30:00,11:10:00,89,10,2024-06-19 19:39:52,2024-06-19 19:39:52
219,2024-07-04,07:30:00,11:10:00,89,10,2024-06-19 19:39:52,2024-06-19 19:39:52
220,2024-07-11,07:30:00,11:10:00,89,10,2024-06-19 19:39:52,2024-06-19 19:39:52
221,2024-07-18,07:30:00,11:10:00,89,10,2024-06-19 19:39:52,2024-06-19 19:39:52
222,2024-07-25,07:30:00,11:10:00,89,10,2024-06-19 19:39:52,2024-06-19 19:39:52
223,2024-06-19,07:30:00,11:10:00,91,14,2024-06-19 19:40:18,2024-06-19 19:40:18
224,2024-06-26,07:30:00,11:10:00,91,14,2024-06-19 19:40:18,2024-06-19 19:40:18
225,2024-07-03,07:30:00,11:10:00,91,14,2024-06-19 19:40:18,2024-06-19 19:40:18
226,2024-07-10,07:30:00,11:10:00,91,14,2024-06-19 19:40:18,2024-06-19 19:40:18
227,2024-07-17,07:30:00,11:10:00,91,14,2024-06-19 19:40:18,2024-06-19 19:40:18
228,2024-07-24,07:30:00,11:10:00,91,14,2024-06-19 19:40:18,2024-06-19 19:40:18
229,2024-06-17,07:30:00,09:10:00,25,21,2024-06-19 19:40:55,2024-06-19 19:40:55
230,2024-06-24,07:30:00,09:10:00,25,21,2024-06-19 19:40:55,2024-06-19 19:40:55
231,2024-07-01,07:30:00,09:10:00,25,21,2024-06-19 19:40:55,2024-06-19 19:40:55
232,2024-07-08,07:30:00,09:10:00,25,21,2024-06-19 19:40:55,2024-06-19 19:40:55
233,2024-07-15,07:30:00,09:10:00,25,21,2024-06-19 19:40:55,2024-06-19 19:40:55
234,2024-07-22,07:30:00,09:10:00,25,21,2024-06-19 19:40:55,2024-06-19 19:40:55
235,2024-06-19,07:30:00,09:10:00,26,21,2024-06-19 19:43:12,2024-06-19 19:43:12
236,2024-06-26,07:30:00,09:10:00,26,21,2024-06-19 19:43:12,2024-06-19 19:43:12
237,2024-07-03,07:30:00,09:10:00,26,21,2024-06-19 19:43:12,2024-06-19 19:43:12
238,2024-07-10,07:30:00,09:10:00,26,21,2024-06-19 19:43:12,2024-06-19 19:43:12
239,2024-07-17,07:30:00,09:10:00,26,21,2024-06-19 19:43:12,2024-06-19 19:43:12
240,2024-07-24,07:30:00,09:10:00,26,21,2024-06-19 19:43:12,2024-06-19 19:43:12
241,2024-06-18,07:30:00,09:10:00,27,21,2024-06-19 19:44:20,2024-06-19 19:44:20
242,2024-06-25,07:30:00,09:10:00,27,21,2024-06-19 19:44:20,2024-06-19 19:44:20
243,2024-07-02,07:30:00,09:10:00,27,21,2024-06-19 19:44:20,2024-06-19 19:44:20
244,2024-07-09,07:30:00,09:10:00,27,21,2024-06-19 19:44:20,2024-06-19 19:44:20
245,2024-07-16,07:30:00,09:10:00,27,21,2024-06-19 19:44:20,2024-06-19 19:44:20
246,2024-07-23,07:30:00,09:10:00,27,21,2024-06-19 19:44:20,2024-06-19 19:44:20
247,2024-06-21,07:30:00,09:10:00,28,21,2024-06-19 19:44:42,2024-06-19 19:44:42
248,2024-06-28,07:30:00,09:10:00,28,21,2024-06-19 19:44:42,2024-06-19 19:44:42
249,2024-07-05,07:30:00,09:10:00,28,21,2024-06-19 19:44:42,2024-06-19 19:44:42
250,2024-07-12,07:30:00,09:10:00,28,21,2024-06-19 19:44:42,2024-06-19 19:44:42
251,2024-07-19,07:30:00,09:10:00,28,21,2024-06-19 19:44:42,2024-06-19 19:44:42
252,2024-07-26,07:30:00,09:10:00,28,21,2024-06-19 19:44:42,2024-06-19 19:44:42
343,2024-06-19,09:30:00,11:10:00,71,10,2024-06-20 10:44:51,2024-06-20 10:44:51
344,2024-06-26,09:30:00,11:10:00,71,10,2024-06-20 10:44:51,2024-06-20 10:44:51
345,2024-07-03,09:30:00,11:10:00,71,10,2024-06-20 10:44:51,2024-06-20 10:44:51
346,2024-07-10,09:30:00,11:10:00,71,10,2024-06-20 10:44:51,2024-06-20 10:44:51
347,2024-07-17,09:30:00,11:10:00,71,10,2024-06-20 10:44:51,2024-06-20 10:44:51
348,2024-07-24,09:30:00,11:10:00,71,10,2024-06-20 10:44:51,2024-06-20 10:44:51
49,2024-06-17,07:30:00,11:10:00,5,14,2024-06-19 19:08:37,2024-06-19 20:48:05
301,2024-06-21,07:30:00,09:10:00,68,15,2024-06-20 10:41:42,2024-06-20 10:41:42
302,2024-06-28,07:30:00,09:10:00,68,15,2024-06-20 10:41:42,2024-06-20 10:41:42
303,2024-07-05,07:30:00,09:10:00,68,15,2024-06-20 10:41:42,2024-06-20 10:41:42
304,2024-07-12,07:30:00,09:10:00,68,15,2024-06-20 10:41:42,2024-06-20 10:41:42
305,2024-07-19,07:30:00,09:10:00,68,15,2024-06-20 10:41:42,2024-06-20 10:41:42
306,2024-07-26,07:30:00,09:10:00,68,15,2024-06-20 10:41:42,2024-06-20 10:41:42
307,2024-06-21,09:30:00,11:10:00,68,15,2024-06-20 10:41:54,2024-06-20 10:41:54
308,2024-06-28,09:30:00,11:10:00,68,15,2024-06-20 10:41:54,2024-06-20 10:41:54
309,2024-07-05,09:30:00,11:10:00,68,15,2024-06-20 10:41:54,2024-06-20 10:41:54
310,2024-07-12,09:30:00,11:10:00,68,15,2024-06-20 10:41:54,2024-06-20 10:41:54
311,2024-07-19,09:30:00,11:10:00,68,15,2024-06-20 10:41:54,2024-06-20 10:41:54
312,2024-07-26,09:30:00,11:10:00,68,15,2024-06-20 10:41:54,2024-06-20 10:41:54
313,2024-06-18,09:30:00,11:10:00,69,14,2024-06-20 10:42:26,2024-06-20 10:42:26
314,2024-06-25,09:30:00,11:10:00,69,14,2024-06-20 10:42:26,2024-06-20 10:42:26
315,2024-07-02,09:30:00,11:10:00,69,14,2024-06-20 10:42:26,2024-06-20 10:42:26
316,2024-07-09,09:30:00,11:10:00,69,14,2024-06-20 10:42:26,2024-06-20 10:42:26
317,2024-07-16,09:30:00,11:10:00,69,14,2024-06-20 10:42:26,2024-06-20 10:42:26
318,2024-07-23,09:30:00,11:10:00,69,14,2024-06-20 10:42:26,2024-06-20 10:42:26
319,2024-06-18,11:30:00,13:10:00,69,14,2024-06-20 10:42:45,2024-06-20 10:42:45
320,2024-06-25,11:30:00,13:10:00,69,14,2024-06-20 10:42:45,2024-06-20 10:42:45
321,2024-07-02,11:30:00,13:10:00,69,14,2024-06-20 10:42:45,2024-06-20 10:42:45
322,2024-07-09,11:30:00,13:10:00,69,14,2024-06-20 10:42:45,2024-06-20 10:42:45
323,2024-07-16,11:30:00,13:10:00,69,14,2024-06-20 10:42:45,2024-06-20 10:42:45
324,2024-07-23,11:30:00,13:10:00,69,14,2024-06-20 10:42:45,2024-06-20 10:42:45
325,2024-06-17,07:30:00,09:10:00,70,15,2024-06-20 10:43:12,2024-06-20 10:43:12
326,2024-06-24,07:30:00,09:10:00,70,15,2024-06-20 10:43:12,2024-06-20 10:43:12
327,2024-07-01,07:30:00,09:10:00,70,15,2024-06-20 10:43:12,2024-06-20 10:43:12
328,2024-07-08,07:30:00,09:10:00,70,15,2024-06-20 10:43:12,2024-06-20 10:43:12
329,2024-07-15,07:30:00,09:10:00,70,15,2024-06-20 10:43:12,2024-06-20 10:43:12
330,2024-07-22,07:30:00,09:10:00,70,15,2024-06-20 10:43:12,2024-06-20 10:43:12
331,2024-06-17,09:30:00,11:10:00,70,15,2024-06-20 10:43:29,2024-06-20 10:43:29
332,2024-06-24,09:30:00,11:10:00,70,15,2024-06-20 10:43:29,2024-06-20 10:43:29
333,2024-07-01,09:30:00,11:10:00,70,15,2024-06-20 10:43:29,2024-06-20 10:43:29
334,2024-07-08,09:30:00,11:10:00,70,15,2024-06-20 10:43:29,2024-06-20 10:43:29
335,2024-07-15,09:30:00,11:10:00,70,15,2024-06-20 10:43:29,2024-06-20 10:43:29
336,2024-07-22,09:30:00,11:10:00,70,15,2024-06-20 10:43:29,2024-06-20 10:43:29
337,2024-06-19,07:30:00,09:10:00,71,10,2024-06-20 10:44:33,2024-06-20 10:44:33
338,2024-06-26,07:30:00,09:10:00,71,10,2024-06-20 10:44:33,2024-06-20 10:44:33
339,2024-07-03,07:30:00,09:10:00,71,10,2024-06-20 10:44:33,2024-06-20 10:44:33
340,2024-07-10,07:30:00,09:10:00,71,10,2024-06-20 10:44:33,2024-06-20 10:44:33
341,2024-07-17,07:30:00,09:10:00,71,10,2024-06-20 10:44:33,2024-06-20 10:44:33
342,2024-07-24,07:30:00,09:10:00,71,10,2024-06-20 10:44:33,2024-06-20 10:44:33
349,2024-06-21,07:30:00,09:10:00,72,10,2024-06-20 10:45:53,2024-06-20 10:45:53
350,2024-06-28,07:30:00,09:10:00,72,10,2024-06-20 10:45:53,2024-06-20 10:45:53
351,2024-07-05,07:30:00,09:10:00,72,10,2024-06-20 10:45:53,2024-06-20 10:45:53
352,2024-07-12,07:30:00,09:10:00,72,10,2024-06-20 10:45:53,2024-06-20 10:45:53
353,2024-07-19,07:30:00,09:10:00,72,10,2024-06-20 10:45:53,2024-06-20 10:45:53
354,2024-07-26,07:30:00,09:10:00,72,10,2024-06-20 10:45:53,2024-06-20 10:45:53
355,2024-06-21,09:30:00,11:10:00,72,10,2024-06-20 10:46:10,2024-06-20 10:46:10
356,2024-06-28,09:30:00,11:10:00,72,10,2024-06-20 10:46:10,2024-06-20 10:46:10
357,2024-07-05,09:30:00,11:10:00,72,10,2024-06-20 10:46:10,2024-06-20 10:46:10
358,2024-07-12,09:30:00,11:10:00,72,10,2024-06-20 10:46:10,2024-06-20 10:46:10
359,2024-07-19,09:30:00,11:10:00,72,10,2024-06-20 10:46:10,2024-06-20 10:46:10
360,2024-07-26,09:30:00,11:10:00,72,10,2024-06-20 10:46:10,2024-06-20 10:46:10
361,2024-06-17,11:30:00,13:10:00,73,6,2024-06-20 10:47:01,2024-06-20 10:47:01
362,2024-06-24,11:30:00,13:10:00,73,6,2024-06-20 10:47:01,2024-06-20 10:47:01
363,2024-07-01,11:30:00,13:10:00,73,6,2024-06-20 10:47:01,2024-06-20 10:47:01
364,2024-07-08,11:30:00,13:10:00,73,6,2024-06-20 10:47:01,2024-06-20 10:47:01
365,2024-07-15,11:30:00,13:10:00,73,6,2024-06-20 10:47:01,2024-06-20 10:47:01
366,2024-07-22,11:30:00,13:10:00,73,6,2024-06-20 10:47:01,2024-06-20 10:47:01
367,2024-06-18,11:30:00,13:10:00,73,9,2024-06-20 10:47:16,2024-06-20 10:47:16
368,2024-06-25,11:30:00,13:10:00,73,9,2024-06-20 10:47:16,2024-06-20 10:47:16
369,2024-07-02,11:30:00,13:10:00,73,9,2024-06-20 10:47:16,2024-06-20 10:47:16
370,2024-07-09,11:30:00,13:10:00,73,9,2024-06-20 10:47:16,2024-06-20 10:47:16
371,2024-07-16,11:30:00,13:10:00,73,9,2024-06-20 10:47:16,2024-06-20 10:47:16
372,2024-07-23,11:30:00,13:10:00,73,9,2024-06-20 10:47:16,2024-06-20 10:47:16
373,2024-06-19,09:30:00,11:10:00,74,5,2024-06-20 10:47:49,2024-06-20 10:47:49
374,2024-06-26,09:30:00,11:10:00,74,5,2024-06-20 10:47:49,2024-06-20 10:47:49
375,2024-07-03,09:30:00,11:10:00,74,5,2024-06-20 10:47:49,2024-06-20 10:47:49
376,2024-07-10,09:30:00,11:10:00,74,5,2024-06-20 10:47:49,2024-06-20 10:47:49
377,2024-07-17,09:30:00,11:10:00,74,5,2024-06-20 10:47:49,2024-06-20 10:47:49
378,2024-07-24,09:30:00,11:10:00,74,5,2024-06-20 10:47:49,2024-06-20 10:47:49
379,2024-06-19,11:30:00,13:10:00,74,5,2024-06-20 10:48:02,2024-06-20 10:48:02
380,2024-06-26,11:30:00,13:10:00,74,5,2024-06-20 10:48:02,2024-06-20 10:48:02
381,2024-07-03,11:30:00,13:10:00,74,5,2024-06-20 10:48:02,2024-06-20 10:48:02
382,2024-07-10,11:30:00,13:10:00,74,5,2024-06-20 10:48:02,2024-06-20 10:48:02
383,2024-07-17,11:30:00,13:10:00,74,5,2024-06-20 10:48:02,2024-06-20 10:48:02
384,2024-07-24,11:30:00,13:10:00,74,5,2024-06-20 10:48:02,2024-06-20 10:48:02
386,2024-06-24,11:30:00,13:10:00,75,31,2024-06-20 10:49:15,2024-06-20 10:56:19
391,2024-06-20,13:30:00,15:10:00,76,16,2024-06-20 10:50:14,2024-06-20 10:50:14
392,2024-06-27,13:30:00,15:10:00,76,16,2024-06-20 10:50:14,2024-06-20 10:50:14
393,2024-07-04,13:30:00,15:10:00,76,16,2024-06-20 10:50:14,2024-06-20 10:50:14
394,2024-07-11,13:30:00,15:10:00,76,16,2024-06-20 10:50:14,2024-06-20 10:50:14
395,2024-07-18,13:30:00,15:10:00,76,16,2024-06-20 10:50:14,2024-06-20 10:50:14
396,2024-07-25,13:30:00,15:10:00,76,16,2024-06-20 10:50:14,2024-06-20 10:50:14
397,2024-06-18,07:30:00,09:10:00,92,2,2024-06-20 10:51:58,2024-06-20 10:51:58
398,2024-06-25,07:30:00,09:10:00,92,2,2024-06-20 10:51:58,2024-06-20 10:51:58
399,2024-07-02,07:30:00,09:10:00,92,2,2024-06-20 10:51:58,2024-06-20 10:51:58
400,2024-07-09,07:30:00,09:10:00,92,2,2024-06-20 10:51:58,2024-06-20 10:51:58
401,2024-07-16,07:30:00,09:10:00,92,2,2024-06-20 10:51:58,2024-06-20 10:51:58
402,2024-07-23,07:30:00,09:10:00,92,2,2024-06-20 10:51:58,2024-06-20 10:51:58
403,2024-06-18,09:30:00,11:10:00,92,2,2024-06-20 10:52:12,2024-06-20 10:52:12
404,2024-06-25,09:30:00,11:10:00,92,2,2024-06-20 10:52:12,2024-06-20 10:52:12
405,2024-07-02,09:30:00,11:10:00,92,2,2024-06-20 10:52:12,2024-06-20 10:52:12
406,2024-07-09,09:30:00,11:10:00,92,2,2024-06-20 10:52:12,2024-06-20 10:52:12
407,2024-07-16,09:30:00,11:10:00,92,2,2024-06-20 10:52:12,2024-06-20 10:52:12
408,2024-07-23,09:30:00,11:10:00,92,2,2024-06-20 10:52:12,2024-06-20 10:52:12
409,2024-06-20,07:30:00,09:10:00,77,15,2024-06-20 10:53:03,2024-06-20 10:53:03
410,2024-06-27,07:30:00,09:10:00,77,15,2024-06-20 10:53:03,2024-06-20 10:53:03
411,2024-07-04,07:30:00,09:10:00,77,15,2024-06-20 10:53:03,2024-06-20 10:53:03
412,2024-07-11,07:30:00,09:10:00,77,15,2024-06-20 10:53:03,2024-06-20 10:53:03
413,2024-07-18,07:30:00,09:10:00,77,15,2024-06-20 10:53:03,2024-06-20 10:53:03
414,2024-07-25,07:30:00,09:10:00,77,15,2024-06-20 10:53:03,2024-06-20 10:53:03
415,2024-06-20,09:30:00,11:10:00,77,15,2024-06-20 10:53:27,2024-06-20 10:53:27
416,2024-06-27,09:30:00,11:10:00,77,15,2024-06-20 10:53:27,2024-06-20 10:53:27
417,2024-07-04,09:30:00,11:10:00,77,15,2024-06-20 10:53:27,2024-06-20 10:53:27
418,2024-07-11,09:30:00,11:10:00,77,15,2024-06-20 10:53:27,2024-06-20 10:53:27
419,2024-07-18,09:30:00,11:10:00,77,15,2024-06-20 10:53:27,2024-06-20 10:53:27
420,2024-07-25,09:30:00,11:10:00,77,15,2024-06-20 10:53:27,2024-06-20 10:53:27
385,2024-06-17,11:30:00,13:10:00,75,31,2024-06-20 10:49:15,2024-06-20 10:56:19
387,2024-07-01,11:30:00,13:10:00,75,31,2024-06-20 10:49:15,2024-06-20 10:56:19
388,2024-07-08,11:30:00,13:10:00,75,31,2024-06-20 10:49:15,2024-06-20 10:56:19
389,2024-07-15,11:30:00,13:10:00,75,31,2024-06-20 10:49:15,2024-06-20 10:56:19
390,2024-07-22,11:30:00,13:10:00,75,31,2024-06-20 10:49:15,2024-06-20 10:56:19
151,2024-06-19,07:30:00,09:10:00,21,31,2024-06-19 19:26:28,2024-06-20 10:56:38
421,2024-06-17,11:30:00,13:10:00,78,15,2024-06-20 10:57:45,2024-06-20 10:57:45
422,2024-06-24,11:30:00,13:10:00,78,15,2024-06-20 10:57:45,2024-06-20 10:57:45
423,2024-07-01,11:30:00,13:10:00,78,15,2024-06-20 10:57:45,2024-06-20 10:57:45
424,2024-07-08,11:30:00,13:10:00,78,15,2024-06-20 10:57:45,2024-06-20 10:57:45
425,2024-07-15,11:30:00,13:10:00,78,15,2024-06-20 10:57:45,2024-06-20 10:57:45
426,2024-07-22,11:30:00,13:10:00,78,15,2024-06-20 10:57:45,2024-06-20 10:57:45
427,2024-06-18,11:30:00,13:10:00,78,15,2024-06-20 10:58:10,2024-06-20 10:58:10
428,2024-06-25,11:30:00,13:10:00,78,15,2024-06-20 10:58:10,2024-06-20 10:58:10
429,2024-07-02,11:30:00,13:10:00,78,15,2024-06-20 10:58:10,2024-06-20 10:58:10
430,2024-07-09,11:30:00,13:10:00,78,15,2024-06-20 10:58:10,2024-06-20 10:58:10
431,2024-07-16,11:30:00,13:10:00,78,15,2024-06-20 10:58:10,2024-06-20 10:58:10
432,2024-07-23,11:30:00,13:10:00,78,15,2024-06-20 10:58:10,2024-06-20 10:58:10
439,2024-06-17,12:30:00,14:10:00,97,16,2024-06-20 11:14:26,2024-06-20 11:14:26
440,2024-06-24,12:30:00,14:10:00,97,16,2024-06-20 11:14:26,2024-06-20 11:14:26
441,2024-07-01,12:30:00,14:10:00,97,16,2024-06-20 11:14:26,2024-06-20 11:14:26
442,2024-07-08,12:30:00,14:10:00,97,16,2024-06-20 11:14:26,2024-06-20 11:14:26
443,2024-07-15,12:30:00,14:10:00,97,16,2024-06-20 11:14:26,2024-06-20 11:14:26
444,2024-07-22,12:30:00,14:10:00,97,16,2024-06-20 11:14:26,2024-06-20 11:14:26
445,2024-06-18,13:30:00,15:10:00,98,16,2024-06-20 11:15:14,2024-06-20 11:15:14
446,2024-06-25,13:30:00,15:10:00,98,16,2024-06-20 11:15:14,2024-06-20 11:15:14
447,2024-07-02,13:30:00,15:10:00,98,16,2024-06-20 11:15:14,2024-06-20 11:15:14
448,2024-07-09,13:30:00,15:10:00,98,16,2024-06-20 11:15:14,2024-06-20 11:15:14
449,2024-07-16,13:30:00,15:10:00,98,16,2024-06-20 11:15:14,2024-06-20 11:15:14
450,2024-07-23,13:30:00,15:10:00,98,16,2024-06-20 11:15:14,2024-06-20 11:15:14
451,2024-06-21,13:30:00,15:10:00,99,14,2024-06-20 11:15:34,2024-06-20 11:15:34
452,2024-06-28,13:30:00,15:10:00,99,14,2024-06-20 11:15:34,2024-06-20 11:15:34
453,2024-07-05,13:30:00,15:10:00,99,14,2024-06-20 11:15:34,2024-06-20 11:15:34
454,2024-07-12,13:30:00,15:10:00,99,14,2024-06-20 11:15:34,2024-06-20 11:15:34
455,2024-07-19,13:30:00,15:10:00,99,14,2024-06-20 11:15:34,2024-06-20 11:15:34
456,2024-07-26,13:30:00,15:10:00,99,14,2024-06-20 11:15:34,2024-06-20 11:15:34
457,2024-06-18,15:30:00,17:10:00,100,16,2024-06-20 11:15:56,2024-06-20 11:15:56
458,2024-06-25,15:30:00,17:10:00,100,16,2024-06-20 11:15:56,2024-06-20 11:15:56
459,2024-07-02,15:30:00,17:10:00,100,16,2024-06-20 11:15:56,2024-06-20 11:15:56
460,2024-07-09,15:30:00,17:10:00,100,16,2024-06-20 11:15:56,2024-06-20 11:15:56
461,2024-07-16,15:30:00,17:10:00,100,16,2024-06-20 11:15:56,2024-06-20 11:15:56
462,2024-07-23,15:30:00,17:10:00,100,16,2024-06-20 11:15:56,2024-06-20 11:15:56
463,2024-06-20,15:30:00,17:10:00,101,6,2024-06-20 11:16:35,2024-06-20 11:16:35
464,2024-06-27,15:30:00,17:10:00,101,6,2024-06-20 11:16:35,2024-06-20 11:16:35
465,2024-07-04,15:30:00,17:10:00,101,6,2024-06-20 11:16:35,2024-06-20 11:16:35
466,2024-07-11,15:30:00,17:10:00,101,6,2024-06-20 11:16:35,2024-06-20 11:16:35
467,2024-07-18,15:30:00,17:10:00,101,6,2024-06-20 11:16:35,2024-06-20 11:16:35
468,2024-07-25,15:30:00,17:10:00,101,6,2024-06-20 11:16:35,2024-06-20 11:16:35
469,2024-06-21,15:30:00,17:10:00,102,6,2024-06-20 11:17:01,2024-06-20 11:17:01
470,2024-06-28,15:30:00,17:10:00,102,6,2024-06-20 11:17:01,2024-06-20 11:17:01
471,2024-07-05,15:30:00,17:10:00,102,6,2024-06-20 11:17:01,2024-06-20 11:17:01
472,2024-07-12,15:30:00,17:10:00,102,6,2024-06-20 11:17:01,2024-06-20 11:17:01
473,2024-07-19,15:30:00,17:10:00,102,6,2024-06-20 11:17:01,2024-06-20 11:17:01
474,2024-07-26,15:30:00,17:10:00,102,6,2024-06-20 11:17:01,2024-06-20 11:17:01
475,2024-06-21,09:30:00,11:10:00,103,9,2024-06-20 11:17:28,2024-06-20 11:17:28
476,2024-06-28,09:30:00,11:10:00,103,9,2024-06-20 11:17:28,2024-06-20 11:17:28
477,2024-07-05,09:30:00,11:10:00,103,9,2024-06-20 11:17:28,2024-06-20 11:17:28
478,2024-07-12,09:30:00,11:10:00,103,9,2024-06-20 11:17:28,2024-06-20 11:17:28
479,2024-07-19,09:30:00,11:10:00,103,9,2024-06-20 11:17:28,2024-06-20 11:17:28
480,2024-07-26,09:30:00,11:10:00,103,9,2024-06-20 11:17:28,2024-06-20 11:17:28
481,2024-06-17,15:30:00,17:10:00,104,14,2024-06-20 11:18:16,2024-06-20 11:18:16
482,2024-06-24,15:30:00,17:10:00,104,14,2024-06-20 11:18:16,2024-06-20 11:18:16
483,2024-07-01,15:30:00,17:10:00,104,14,2024-06-20 11:18:16,2024-06-20 11:18:16
484,2024-07-08,15:30:00,17:10:00,104,14,2024-06-20 11:18:16,2024-06-20 11:18:16
485,2024-07-15,15:30:00,17:10:00,104,14,2024-06-20 11:18:16,2024-06-20 11:18:16
486,2024-07-22,15:30:00,17:10:00,104,14,2024-06-20 11:18:16,2024-06-20 11:18:16
110,2024-06-26,15:30:00,17:10:00,13,9,2024-06-19 19:22:50,2024-06-20 11:19:14
487,2024-06-19,15:30:00,17:10:00,24,31,2024-06-20 11:20:07,2024-06-20 11:20:07
488,2024-06-26,15:30:00,17:10:00,24,31,2024-06-20 11:20:07,2024-06-20 11:20:07
489,2024-07-03,15:30:00,17:10:00,24,31,2024-06-20 11:20:07,2024-06-20 11:20:07
490,2024-07-10,15:30:00,17:10:00,24,31,2024-06-20 11:20:07,2024-06-20 11:20:07
491,2024-07-17,15:30:00,17:10:00,24,31,2024-06-20 11:20:07,2024-06-20 11:20:07
492,2024-07-24,15:30:00,17:10:00,24,31,2024-06-20 11:20:07,2024-06-20 11:20:07
493,2024-06-20,07:30:00,09:10:00,105,31,2024-06-20 11:21:15,2024-06-20 11:21:15
494,2024-06-27,07:30:00,09:10:00,105,31,2024-06-20 11:21:15,2024-06-20 11:21:15
495,2024-07-04,07:30:00,09:10:00,105,31,2024-06-20 11:21:15,2024-06-20 11:21:15
496,2024-07-11,07:30:00,09:10:00,105,31,2024-06-20 11:21:15,2024-06-20 11:21:15
497,2024-07-18,07:30:00,09:10:00,105,31,2024-06-20 11:21:15,2024-06-20 11:21:15
498,2024-07-25,07:30:00,09:10:00,105,31,2024-06-20 11:21:15,2024-06-20 11:21:15
499,2024-06-20,09:30:00,11:10:00,106,31,2024-06-20 11:21:41,2024-06-20 11:21:41
500,2024-06-27,09:30:00,11:10:00,106,31,2024-06-20 11:21:41,2024-06-20 11:21:41
501,2024-07-04,09:30:00,11:10:00,106,31,2024-06-20 11:21:41,2024-06-20 11:21:41
502,2024-07-11,09:30:00,11:10:00,106,31,2024-06-20 11:21:41,2024-06-20 11:21:41
503,2024-07-18,09:30:00,11:10:00,106,31,2024-06-20 11:21:41,2024-06-20 11:21:41
504,2024-07-25,09:30:00,11:10:00,106,31,2024-06-20 11:21:41,2024-06-20 11:21:41
505,2024-06-20,13:30:00,15:10:00,107,31,2024-06-20 11:21:58,2024-06-20 11:21:58
506,2024-06-27,13:30:00,15:10:00,107,31,2024-06-20 11:21:58,2024-06-20 11:21:58
507,2024-07-04,13:30:00,15:10:00,107,31,2024-06-20 11:21:58,2024-06-20 11:21:58
508,2024-07-11,13:30:00,15:10:00,107,31,2024-06-20 11:21:58,2024-06-20 11:21:58
509,2024-07-18,13:30:00,15:10:00,107,31,2024-06-20 11:21:58,2024-06-20 11:21:58
510,2024-07-25,13:30:00,15:10:00,107,31,2024-06-20 11:21:58,2024-06-20 11:21:58
511,2024-06-20,15:30:00,17:10:00,109,31,2024-06-20 11:22:16,2024-06-20 11:22:16
512,2024-06-27,15:30:00,17:10:00,109,31,2024-06-20 11:22:16,2024-06-20 11:22:16
513,2024-07-04,15:30:00,17:10:00,109,31,2024-06-20 11:22:16,2024-06-20 11:22:16
514,2024-07-11,15:30:00,17:10:00,109,31,2024-06-20 11:22:16,2024-06-20 11:22:16
515,2024-07-18,15:30:00,17:10:00,109,31,2024-06-20 11:22:16,2024-06-20 11:22:16
516,2024-07-25,15:30:00,17:10:00,109,31,2024-06-20 11:22:16,2024-06-20 11:22:16
523,2024-06-19,12:30:00,14:10:00,116,14,2024-06-20 11:23:43,2024-06-20 11:23:43
524,2024-06-26,12:30:00,14:10:00,116,14,2024-06-20 11:23:43,2024-06-20 11:23:43
525,2024-07-03,12:30:00,14:10:00,116,14,2024-06-20 11:23:43,2024-06-20 11:23:43
526,2024-07-10,12:30:00,14:10:00,116,14,2024-06-20 11:23:43,2024-06-20 11:23:43
527,2024-07-17,12:30:00,14:10:00,116,14,2024-06-20 11:23:43,2024-06-20 11:23:43
528,2024-07-24,12:30:00,14:10:00,116,14,2024-06-20 11:23:43,2024-06-20 11:23:43
517,2024-06-18,13:30:00,15:10:00,115,14,2024-06-20 11:22:45,2024-06-20 11:23:59
518,2024-06-25,13:30:00,15:10:00,115,14,2024-06-20 11:22:45,2024-06-20 11:23:59
519,2024-07-02,13:30:00,15:10:00,115,14,2024-06-20 11:22:45,2024-06-20 11:23:59
520,2024-07-09,13:30:00,15:10:00,115,14,2024-06-20 11:22:45,2024-06-20 11:23:59
521,2024-07-16,13:30:00,15:10:00,115,14,2024-06-20 11:22:45,2024-06-20 11:23:59
522,2024-07-23,13:30:00,15:10:00,115,14,2024-06-20 11:22:45,2024-06-20 11:23:59
529,2024-06-18,13:30:00,15:10:00,122,21,2024-06-20 11:27:35,2024-06-20 11:27:35
530,2024-06-25,13:30:00,15:10:00,122,21,2024-06-20 11:27:35,2024-06-20 11:27:35
531,2024-07-02,13:30:00,15:10:00,122,21,2024-06-20 11:27:35,2024-06-20 11:27:35
532,2024-07-09,13:30:00,15:10:00,122,21,2024-06-20 11:27:35,2024-06-20 11:27:35
533,2024-07-16,13:30:00,15:10:00,122,21,2024-06-20 11:27:35,2024-06-20 11:27:35
534,2024-07-23,13:30:00,15:10:00,122,21,2024-06-20 11:27:35,2024-06-20 11:27:35
535,2024-06-20,11:30:00,13:10:00,118,11,2024-06-20 11:28:27,2024-06-20 11:28:27
536,2024-06-27,11:30:00,13:10:00,118,11,2024-06-20 11:28:27,2024-06-20 11:28:27
537,2024-07-04,11:30:00,13:10:00,118,11,2024-06-20 11:28:27,2024-06-20 11:28:27
538,2024-07-11,11:30:00,13:10:00,118,11,2024-06-20 11:28:27,2024-06-20 11:28:27
539,2024-07-18,11:30:00,13:10:00,118,11,2024-06-20 11:28:27,2024-06-20 11:28:27
540,2024-07-25,11:30:00,13:10:00,118,11,2024-06-20 11:28:27,2024-06-20 11:28:27
547,2024-06-20,15:30:00,17:10:00,120,16,2024-06-20 11:29:54,2024-06-20 11:29:54
548,2024-06-27,15:30:00,17:10:00,120,16,2024-06-20 11:29:54,2024-06-20 11:29:54
549,2024-07-04,15:30:00,17:10:00,120,16,2024-06-20 11:29:54,2024-06-20 11:29:54
550,2024-07-11,15:30:00,17:10:00,120,16,2024-06-20 11:29:54,2024-06-20 11:29:54
551,2024-07-18,15:30:00,17:10:00,120,16,2024-06-20 11:29:54,2024-06-20 11:29:54
552,2024-07-25,15:30:00,17:10:00,120,16,2024-06-20 11:29:54,2024-06-20 11:29:54
541,2024-06-18,11:30:00,13:10:00,119,31,2024-06-20 11:29:08,2024-06-20 11:30:33
542,2024-06-25,11:30:00,13:10:00,119,31,2024-06-20 11:29:08,2024-06-20 11:30:33
543,2024-07-02,11:30:00,13:10:00,119,31,2024-06-20 11:29:08,2024-06-20 11:30:33
544,2024-07-09,11:30:00,13:10:00,119,31,2024-06-20 11:29:08,2024-06-20 11:30:33
545,2024-07-16,11:30:00,13:10:00,119,31,2024-06-20 11:29:08,2024-06-20 11:30:33
546,2024-07-23,11:30:00,13:10:00,119,31,2024-06-20 11:29:08,2024-06-20 11:30:33
553,2024-06-17,09:30:00,11:10:00,110,21,2024-06-20 11:39:38,2024-06-20 11:39:48
554,2024-06-24,09:30:00,11:10:00,110,21,2024-06-20 11:39:38,2024-06-20 11:39:48
555,2024-07-01,09:30:00,11:10:00,110,21,2024-06-20 11:39:38,2024-06-20 11:39:48
556,2024-07-08,09:30:00,11:10:00,110,21,2024-06-20 11:39:38,2024-06-20 11:39:48
557,2024-07-15,09:30:00,11:10:00,110,21,2024-06-20 11:39:38,2024-06-20 11:39:48
558,2024-07-22,09:30:00,11:10:00,110,21,2024-06-20 11:39:38,2024-06-20 11:39:48
559,2024-06-19,09:30:00,11:10:00,111,21,2024-06-20 11:40:08,2024-06-20 11:40:08
560,2024-06-26,09:30:00,11:10:00,111,21,2024-06-20 11:40:08,2024-06-20 11:40:08
561,2024-07-03,09:30:00,11:10:00,111,21,2024-06-20 11:40:08,2024-06-20 11:40:08
562,2024-07-10,09:30:00,11:10:00,111,21,2024-06-20 11:40:08,2024-06-20 11:40:08
563,2024-07-17,09:30:00,11:10:00,111,21,2024-06-20 11:40:08,2024-06-20 11:40:08
564,2024-07-24,09:30:00,11:10:00,111,21,2024-06-20 11:40:08,2024-06-20 11:40:08
565,2024-06-18,09:30:00,11:10:00,113,21,2024-06-20 11:40:29,2024-06-20 11:40:29
566,2024-06-25,09:30:00,11:10:00,113,21,2024-06-20 11:40:29,2024-06-20 11:40:29
567,2024-07-02,09:30:00,11:10:00,113,21,2024-06-20 11:40:29,2024-06-20 11:40:29
568,2024-07-09,09:30:00,11:10:00,113,21,2024-06-20 11:40:29,2024-06-20 11:40:29
569,2024-07-16,09:30:00,11:10:00,113,21,2024-06-20 11:40:29,2024-06-20 11:40:29
570,2024-07-23,09:30:00,11:10:00,113,21,2024-06-20 11:40:29,2024-06-20 11:40:29
571,2024-06-21,09:30:00,11:10:00,114,21,2024-06-20 11:40:49,2024-06-20 11:40:49
572,2024-06-28,09:30:00,11:10:00,114,21,2024-06-20 11:40:49,2024-06-20 11:40:49
573,2024-07-05,09:30:00,11:10:00,114,21,2024-06-20 11:40:49,2024-06-20 11:40:49
574,2024-07-12,09:30:00,11:10:00,114,21,2024-06-20 11:40:49,2024-06-20 11:40:49
575,2024-07-19,09:30:00,11:10:00,114,21,2024-06-20 11:40:49,2024-06-20 11:40:49
576,2024-07-26,09:30:00,11:10:00,114,21,2024-06-20 11:40:49,2024-06-20 11:40:49
577,2024-06-20,13:30:00,17:10:00,123,4,2024-06-20 11:48:02,2024-06-20 11:48:02
578,2024-06-27,13:30:00,17:10:00,123,4,2024-06-20 11:48:02,2024-06-20 11:48:02
579,2024-07-04,13:30:00,17:10:00,123,4,2024-06-20 11:48:02,2024-06-20 11:48:02
580,2024-07-11,13:30:00,17:10:00,123,4,2024-06-20 11:48:02,2024-06-20 11:48:02
581,2024-07-18,13:30:00,17:10:00,123,4,2024-06-20 11:48:02,2024-06-20 11:48:02
582,2024-07-25,13:30:00,17:10:00,123,4,2024-06-20 11:48:02,2024-06-20 11:48:02
583,2024-06-21,13:30:00,17:10:00,124,10,2024-06-20 11:48:32,2024-06-20 11:48:32
584,2024-06-28,13:30:00,17:10:00,124,10,2024-06-20 11:48:32,2024-06-20 11:48:32
585,2024-07-05,13:30:00,17:10:00,124,10,2024-06-20 11:48:32,2024-06-20 11:48:32
586,2024-07-12,13:30:00,17:10:00,124,10,2024-06-20 11:48:32,2024-06-20 11:48:32
587,2024-07-19,13:30:00,17:10:00,124,10,2024-06-20 11:48:32,2024-06-20 11:48:32
588,2024-07-26,13:30:00,17:10:00,124,10,2024-06-20 11:48:32,2024-06-20 11:48:32
589,2024-06-20,13:30:00,17:10:00,125,5,2024-06-20 11:49:08,2024-06-20 11:49:08
590,2024-06-27,13:30:00,17:10:00,125,5,2024-06-20 11:49:08,2024-06-20 11:49:08
591,2024-07-04,13:30:00,17:10:00,125,5,2024-06-20 11:49:08,2024-06-20 11:49:08
592,2024-07-11,13:30:00,17:10:00,125,5,2024-06-20 11:49:08,2024-06-20 11:49:08
593,2024-07-18,13:30:00,17:10:00,125,5,2024-06-20 11:49:08,2024-06-20 11:49:08
594,2024-07-25,13:30:00,17:10:00,125,5,2024-06-20 11:49:08,2024-06-20 11:49:08
595,2024-06-20,07:30:00,11:10:00,126,9,2024-06-20 11:49:33,2024-06-20 11:49:33
596,2024-06-27,07:30:00,11:10:00,126,9,2024-06-20 11:49:33,2024-06-20 11:49:33
597,2024-07-04,07:30:00,11:10:00,126,9,2024-06-20 11:49:33,2024-06-20 11:49:33
598,2024-07-11,07:30:00,11:10:00,126,9,2024-06-20 11:49:33,2024-06-20 11:49:33
599,2024-07-18,07:30:00,11:10:00,126,9,2024-06-20 11:49:33,2024-06-20 11:49:33
600,2024-07-25,07:30:00,11:10:00,126,9,2024-06-20 11:49:33,2024-06-20 11:49:33
